"keys","zh_CN","en","_note"
"UI_TITLE","玻璃蚁国 · 连续观察","Colony Under Glass · Continuous Observation",""
"UI_MENU","菜单","Menu",""
"UI_PAUSE_HEADING","观察已暂停","Observation Paused",""
"UI_RESUME","继续观察","Resume Observation",""
"UI_RESTART","重新开始","Restart",""
"UI_DISPLAY_HEADING","显示与语言","Display & Language",""
"UI_RESOLUTION","窗口分辨率","Window Resolution",""
"UI_FULLSCREEN","全屏","Fullscreen",""
"UI_LANGUAGE","语言","Language",""
"UI_EXIT","退出游戏","Exit Game",""
"UI_LANGUAGE_ZH","简体中文","简体中文","Language names stay recognizable."
"UI_LANGUAGE_EN","English","English",""
"UI_RESOLUTION_1280","1280 × 720","1280 × 720",""
"UI_RESOLUTION_1920","1920 × 1080","1920 × 1080",""
"UI_WORKER_OBSERVATION","个体观察","Individual Observation",""
"UI_WORKER_PROMPT","观察不同个体的轮廓与行动。","Observe the outlines and actions of different individuals.",""
"UI_WORKER_UNNAMED","未命名工蚁","Unnamed worker",""
"UI_WORKER_NAME_PLACEHOLDER","可选：给它起个名字","Optional: give this worker a name",""
"UI_SAVE_NAME","保存","Save",""
"UI_RECENT_ACTIONS","最近行动","Recent Actions",""
"UI_EMPTY_HISTORY","暂时还没有可记录的行为。","No notable behavior has been recorded yet.",""
"UI_OBSERVATION_CARDS","观察卡","Observation Cards",""
"UI_CARD_LOCKED","○  尚未记录","○  Not recorded yet",""
"UI_CARD_FIRST_WORKER","第一只工蚁羽化","The first worker emerged",""
"UI_CARD_HUMIDITY","工蚁把幼体搬向更合适的湿度","Workers moved brood toward more suitable humidity",""
"UI_CARD_SUGAR","工蚁把糖水带回巢内分享","A worker carried sugar water home to share",""
"UI_COMPLETION_HEADING","连续观察完成","Continuous Observation Complete",""
"UI_COMPLETION_DEFAULT","已经完成三条观察记录。","Three observation records are complete.",""
"UI_RESTART_OBSERVATION","重新开始连续观察","Restart Continuous Observation",""
"UI_FOOTER_PROTOTYPE","原型节奏参数不代表真实物种数据","Prototype pacing values are not verified species data",""
"UI_PREPARATION_HEADING","准备连续观察","Prepare to Observe",""
"UI_PREPARATION_DESCRIPTION","先熟悉栖息地和观察面板。准备好后，从静止的画面开始记录变化。","Familiarize yourself with the habitat and observation panel. When ready, begin from this still view and watch for change.","Temporary English pending user review."
"UI_START_OBSERVATION","开始观察","Start Observation",""
"UI_DEBUG_HEADING","连续观察诊断","Continuous Observation Diagnostics",""
"UI_DEBUG_WAITING","等待第一份模拟快照……","Waiting for the first simulation snapshot…",""
"HABITAT_NURSERY","育幼室","Nursery",""
"HABITAT_RESTING","栖息室","Resting Chamber",""
"HABITAT_FORAGING","觅食区","Foraging Area",""
"HABITAT_PLACEMENT_HINT","点击觅食区放置糖水","Click the foraging area to place sugar water",""
"PHASE_1","第 1/5 段 · 建群序幕","Stage 1/5 · Founding Prelude",""
"PHASE_2","第 2/5 段 · 认识个体","Stage 2/5 · Meet an Individual",""
"PHASE_3","第 3/5 段 · 湿度观察","Stage 3/5 · Humidity Observation",""
"PHASE_4","第 4/5 段 · 糖水觅食","Stage 4/5 · Sugar Foraging",""
"PHASE_5","第 5/5 段 · 观察总结","Stage 5/5 · Observation Summary",""
"PHASE_FALLBACK","连续观察","Continuous Observation",""
"STATUS_PREPARING","准备观察 · 1×","Preparing · 1×",""
"STATUS_OBSERVING","观察中 · %d×","Observing · %d×",""
"STATUS_PAUSED","已暂停 · %d×","Paused · %d×",""
"STATUS_COMPLETE","观察完成 · %d×","Observation complete · %d×",""
"STATUS_ERROR","模拟错误 · 已暂停","Simulation error · Paused",""
"TOOL_FOUNDING","建群序幕","Founding Prelude",""
"TOOL_IDENTITY","认识个体","Meet an Individual",""
"TOOL_HUMIDITY","巢室环境","Chamber Environment",""
"TOOL_SUGAR","糖水觅食","Sugar Foraging",""
"TOOL_SUMMARY","观察总结","Observation Summary",""
"ACTION_WAIT_FIRST_WORKER","等待第一只工蚁羽化","Wait for the first worker to emerge",""
"ACTION_CONTINUE_ENVIRONMENT","继续观察环境","Continue observing the environment",""
"ACTION_WATER_PENDING","补水正在渗入","Water is soaking in",""
"ACTION_CONTINUE_RELOCATION","继续观察搬运","Continue observing relocation",""
"ACTION_WATER_NURSERY","给育幼室少量补水","Add a little water to the nursery",""
"ACTION_CANCEL_PLACEMENT","取消放置","Cancel placement",""
"ACTION_PREPARE_SUGAR","准备放置糖水","Prepare sugar water",""
"FEEDBACK_SUGAR_CANCELLED","已取消放置糖水。","Sugar-water placement cancelled.",""
"FEEDBACK_PAUSED_CANCELLED","观察已暂停，放置操作已取消。","Observation paused; placement was cancelled.",""
"FEEDBACK_CONTINUE_SUBMITTED","观察动作已提交，将在下一次更新时生效。","Observation action submitted; it will take effect on the next update.",""
"FEEDBACK_WATER_SUBMITTED","补水动作已提交，将在下一次更新时生效。","Watering submitted; it will take effect on the next update.",""
"FEEDBACK_SUGAR_AIM","在右侧觅食区选择落点；按 Esc 可以取消。","Choose a spot in the foraging area on the right; press Esc to cancel.",""
"FEEDBACK_SUGAR_UNAVAILABLE","当前无法放置糖水，请继续观察。","Sugar water cannot be placed now. Keep observing.",""
"FEEDBACK_SUGAR_SUBMITTED","糖水放置动作已提交，将在下一次更新时生效。","Sugar-water placement submitted; it will take effect on the next update.",""
"FEEDBACK_SUGAR_WRONG_ZONE","这里只能观察；糖水需要放在右侧觅食区。","This area is observation-only; place sugar water in the foraging area on the right.",""
"GUIDE_FOUNDING_INSTRUCTION","观察蚁后身旁的晚期蛹，比较它和其他幼体的轮廓。","Observe the late pupa beside the queen and compare its outline with the other brood.","Temporary English pending user review."
"GUIDE_FOUNDING_FEEDBACK","画面中的变化会随着观察推进。","Changes in the habitat will appear as observation continues.",""
"GUIDE_IDENTITY_INSTRUCTION","留意新出现的个体与周围幼体在轮廓和行动上的差异。","Notice how the newly appeared individual differs in outline and movement from nearby brood.",""
"GUIDE_IDENTITY_FEEDBACK","个体观察区会保留你主动选择的对象。","The individual-observation panel keeps track of any worker you choose.",""
"GUIDE_HUMIDITY_LOCKED_INSTRUCTION","比较两个巢室的凝水、幼体分布和工蚁行动。","Compare condensation, brood distribution, and worker activity in the two chambers.",""
"GUIDE_HUMIDITY_LOCKED_FEEDBACK","持续观察同一批幼体的位置变化。","Keep watching how the same brood change position.",""
"GUIDE_HUMIDITY_COMFORTABLE_INSTRUCTION","比较补水前后的凝水、幼体位置与工蚁路线。","Compare condensation, brood position, and worker routes before and after watering.",""
"GUIDE_HUMIDITY_COMFORTABLE_FEEDBACK","继续观察，直到画面中的搬运停止。","Keep observing until visible relocation stops.",""
"GUIDE_HUMIDITY_ACTION_INSTRUCTION","比较育幼室与相邻巢室的凝水和幼体分布。","Compare condensation and brood distribution in the nursery and adjacent chamber.",""
"GUIDE_HUMIDITY_ACTION_FEEDBACK","你可以少量补水，再观察工蚁行动是否变化。","You can add a little water, then watch whether worker behavior changes.",""
"GUIDE_SUGAR_EMPTY_INSTRUCTION","观察巢室与右侧觅食区，寻找可干预的落点。","Observe the chambers and the foraging area on the right for a place you can affect.",""
"GUIDE_SUGAR_EMPTY_FEEDBACK","启用工具后，可以在觅食区选择落点。","After enabling the tool, choose a spot in the foraging area.",""
"GUIDE_SUGAR_PLACED_INSTRUCTION","糖水已经出现在觅食区，留意工蚁的路线和停留位置。","Sugar water is now in the foraging area. Watch worker routes and stopping points.",""
"GUIDE_SUGAR_PLACED_FEEDBACK","观察卡会在证据充分后解锁。","An observation card unlocks when enough evidence has appeared.",""
"GUIDE_SUMMARY_INSTRUCTION","同一只工蚁经历了羽化、幼体搬运与糖水觅食。","The same worker emerged, relocated brood, and foraged for sugar water.",""
"GUIDE_SUMMARY_FEEDBACK","三条因果线索已经记录完成。","All three causal clues have been recorded.",""
"ERROR_NONCONTIGUOUS_TICK","模拟拒绝了非连续 Tick %d，观察已暂停。","The simulation rejected nonconsecutive Tick %d; observation is paused.",""
"ERROR_INCOMPLETE_SNAPSHOT","模拟未能提供完整的连续观察快照，观察已暂停。","The simulation did not provide a complete observation snapshot; observation is paused.",""
"ERROR_VIEW_REJECTED","栖息地视图拒绝了模拟快照，观察已暂停。","The habitat view rejected the simulation snapshot; observation is paused.",""
"ERROR_RESTART","无法从冻结配置重新开始连续观察。","Continuous observation could not restart from the frozen configuration.",""
"COMPLETION_DEFAULT_SUBJECT","第一只工蚁","The first worker",""
"COMPLETION_SUMMARY","%s从晚期蛹羽化，并在同一局中搬运幼体、发现糖水、返巢分享。","%s emerged from a late pupa, relocated brood, found sugar water, returned, and shared it in the same session.","Temporary English pending user review."
"BEHAVIOR_SEEKING_FOOD","这只工蚁似乎察觉到了巢外的食物。","This worker seems to have noticed food outside the nest.",""
"BEHAVIOR_MOVING_TO_FOOD","这只工蚁正在穿过出入口，前往糖水。","This worker is passing through the entrance toward the sugar water.",""
"BEHAVIOR_COLLECTING","这只工蚁正在采集糖水。","This worker is collecting sugar water.",""
"BEHAVIOR_RETURNING","这只工蚁正携带糖水返回巢室。","This worker is carrying sugar water back to the nest.",""
"BEHAVIOR_SHARING","这只工蚁正在巢内与同伴分享糖水。","This worker is sharing sugar water with a nestmate.",""
"BEHAVIOR_IDLE","这只工蚁正在巢室里休整。","This worker is resting inside the chamber.",""
"BEHAVIOR_MOVING_TO_BROOD","这只工蚁正在靠近一只幼体。","This worker is approaching a brood item.",""
"BEHAVIOR_PICKING_UP","这只工蚁正在拾起一只幼体。","This worker is picking up a brood item.",""
"BEHAVIOR_CARRYING_BROOD","这只工蚁正在携带幼体前往新的位置。","This worker is carrying brood to a new position.",""
"BEHAVIOR_DROPPING_BROOD","这只工蚁正在安置刚刚搬来的幼体。","This worker is settling the brood it just carried.",""
"BEHAVIOR_FALLBACK","这只工蚁正在观察周围。","This worker is surveying its surroundings.",""
"EVENT_RELOCATION_STARTED","出发前往幼体所在的位置。","Set off toward a brood item.",""
"EVENT_PICKUP_STARTED","开始拾起一只幼体。","Started picking up a brood item.",""
"EVENT_CARRY_STARTED","开始携带一只幼体前往新的位置。","Started carrying brood toward a new position.",""
"EVENT_BROOD_DROPPED","把一只幼体安置在新的位置。","Placed a brood item in a new position.",""
"EVENT_HUMIDITY_COMPLETE","群落的湿度观察已经完成。","The colony's humidity observation is complete.",""
"EVENT_FOOD_SEEK","察觉到巢外出现了食物。","Noticed food outside the nest.",""
"EVENT_FOOD_TRAVEL","出发前往觅食区。","Set off toward the foraging area.",""
"EVENT_SUGAR_COLLECTED","从糖水滴中采集了一份食物。","Collected one portion from the sugar-water drop.",""
"EVENT_SUGAR_RETURN","携带糖水开始返回巢室。","Started carrying sugar water back to the nest.",""
"EVENT_SUGAR_SHARED","在巢内把糖水分享给了同伴。","Shared sugar water with a nestmate.",""
"EVENT_SUGAR_COMPLETE","群落的糖水觅食观察已经完成。","The colony's sugar-foraging observation is complete.",""
"EVENT_FORAGING_CANCELLED","环境变化后放弃了这次觅食。","Abandoned this foraging trip after conditions changed.",""
"EVENT_FIRST_WORKER","从晚期蛹羽化为第一只工蚁。","Emerged from a late pupa as the first worker.",""
"EVENT_IDENTITY_COMPLETE","成为本局持续观察的工蚁个体。","Became the worker followed throughout this session.",""
"EVENT_SESSION_COMPLETE","参与完成了本局连续观察。","Helped complete this continuous-observation session.",""
"EVENT_FALLBACK","发生了一次新的行为。","A new behavior occurred.",""
"UI_SAVE_GAME","保存游戏","Save Game",""
"UI_SAVE_RETURN_TITLE","保存并返回标题","Save & Return to Title",""
"UI_RESTART_CHAPTER","重新开始当前章节","Restart Current Chapter",""
"UI_SCALE","界面缩放","UI Scale",""
"UI_REDUCED_MOTION","减少动效","Reduce Motion",""
"UI_MASTER_VOLUME","主音量","Master Volume",""
"PROFILE_SAVE_SUCCESS","游戏已保存。","Game saved.",""
"PROFILE_SAVE_FAILURE","保存失败，当前会话未被替换。","Save failed; the current session is unchanged.",""
"SHELL_TITLE","玻璃蚁国","Colony Under Glass",""
"SHELL_SUBTITLE","观察环境，做出推断，改变蚁群的生活条件。","Observe, infer, and shape the colony's environment.",""
"SHELL_NEW_GAME","新游戏","New Game",""
"SHELL_CONTINUE","继续","Continue",""
"SHELL_PROFILES","档案","Profiles",""
"SHELL_SETTINGS","设置","Settings",""
"SHELL_PROFILE_HEADING","主档案","Main Profile",""
"SHELL_PROFILE_CONTINUE","继续此档案","Continue Profile",""
"SHELL_RESTORE_BACKUP","恢复上一个备份","Restore Previous Backup",""
"SHELL_DELETE_PROFILE","删除档案","Delete Profile",""
"SHELL_BACK","返回","Back",""
"SHELL_SAVE_BACK","保存并返回","Save & Back",""
"SHELL_CONFIRM","确认","Confirm",""
"SHELL_CANCEL","取消","Cancel",""
"SHELL_SETTINGS_DEFAULTED","设置文件无法读取，已使用安全默认值。","Settings could not be read; safe defaults are active.",""
"SHELL_NO_PROFILE","尚无可继续的档案。\n开始新游戏后，可在暂停菜单中保存。","No playable profile yet.\nStart a new game, then save from the pause menu.",""
"SHELL_RECOVERY_NOTE","\n主档案不可用；当前摘要来自可恢复备份。","\nThe primary is unavailable; this summary comes from a recoverable backup.",""
"SHELL_PROFILE_SUMMARY","阶段：%s\n观察时间：%s\n最近记录：%s\n保存时间：%s%s","Stage: %s\nObservation time: %s\nLatest record: %s\nSaved: %s%s",""
"SHELL_CLEAR_PROFILE_FAILED","无法清理旧档案。","The old profile could not be cleared.",""
"SHELL_LOAD_FAILED","档案无法加载。","The profile could not be loaded.",""
"SHELL_RESTORE_SESSION_FAILED","档案通过校验，但无法替换当前会话。","The profile passed validation but could not replace the session.",""
"SHELL_BACKUP_LOADED","主档案损坏，已从完整备份恢复。","The primary was damaged; a complete backup was loaded.",""
"SHELL_PROGRESS_SAVED","进度已保存。","Progress saved.",""
"SHELL_CONFIRM_NEW_HEADING","开始新游戏？","Start a New Game?",""
"SHELL_CONFIRM_NEW_BODY","现有主档案与备份将被删除。此操作无法在游戏内撤销。","The current profile and backup will be deleted. This cannot be undone in-game.",""
"SHELL_CONFIRM_DELETE_HEADING","删除档案？","Delete Profile?",""
"SHELL_CONFIRM_DELETE_BODY","主档案、备份和临时恢复文件都会被删除。","The main save, backup, and recovery candidate will all be deleted.",""
"SHELL_CONFIRM_RESTORE_HEADING","恢复备份？","Restore Backup?",""
"SHELL_CONFIRM_RESTORE_BODY","当前主档案将被上一个完整备份替换。","The current main profile will be replaced by the previous complete backup.",""
"SHELL_DELETE_SUCCESS","档案已删除。","Profile deleted.",""
"SHELL_DELETE_FAILED","档案删除失败。","Profile deletion failed.",""
"SHELL_BACKUP_RESTORE_SUCCESS","备份已恢复。","Backup restored.",""
"SHELL_BACKUP_RESTORE_FAILED","备份恢复失败。","Backup restoration failed.",""
"SHELL_SETTINGS_SAVE_FAILED","设置无法写入磁盘。","Settings could not be saved.",""
"SHELL_PHASE_FOUNDING","单后建群","Founding",""
"SHELL_PHASE_IDENTITY","认识个体","Individual Observation",""
"SHELL_PHASE_HUMIDITY","湿度观察","Humidity Observation",""
"SHELL_PHASE_SUGAR","糖水觅食","Sugar Foraging",""
"SHELL_PHASE_SUMMARY","观察总结","Observation Summary",""
"SHELL_PHASE_NOT_STARTED","尚未开始","Not Started",""
"SHELL_OBSERVATION_FIRST_WORKER","第一只工蚁羽化","First worker emerged",""
"SHELL_OBSERVATION_HUMIDITY","幼体湿度搬运","Brood humidity relocation",""
"SHELL_OBSERVATION_SUGAR","糖水觅食","Sugar foraging",""
"SHELL_OBSERVATION_NONE","尚无","None yet",""
"SHELL_OBSERVATION_NEW","一条新观察","A new observation",""
"CAMPAIGN_JOURNAL_OPEN","观察手册","Observation Journal",""
"CAMPAIGN_JOURNAL_REVIEW","观察手册 · 可作推论","Journal · Inference Ready",""
"CAMPAIGN_JOURNAL_HEADING","观察手册","Observation Journal",""
"CAMPAIGN_JOURNAL_CLOSE","返回观察","Return to Observation",""
"CAMPAIGN_CHAPTER_FOUNDING","第 1 章 · 建群与首工","Chapter 1 · Founding and First Worker",""
"CAMPAIGN_CHAPTER_ENVIRONMENT","第 2 章 · 环境与自主护理","Chapter 2 · Environment and Autonomous Care",""
"CAMPAIGN_STATUS_COLLECTING","正在收集可观察证据。","Collecting observable evidence.",""
"CAMPAIGN_STATUS_AWAITING_INFERENCE","证据已齐，可以选择一项推论。","Evidence is ready. Choose an inference.",""
"CAMPAIGN_STATUS_INFERENCE_PENDING","推论将在下一个观察步验证。","The inference will be evaluated on the next observation step.",""
"CAMPAIGN_STATUS_COMPLETE","本轮章节观察与推论已经完成。","This chapter observation and inference set is complete.",""
"CAMPAIGN_OBJECTIVES_FOUNDING","%s 观察第一只工蚁羽化\n%s 根据证据记录首工推论","%s Observe the first worker emerge\n%s Record a first-worker inference from evidence",""
"CAMPAIGN_OBJECTIVES_ENVIRONMENT","%s 观察幼体因环境被重新安置\n%s 观察工蚁自主完成糖水分享\n%s 比较证据并记录环境推论","%s Observe brood being relocated after conditions change\n%s Observe workers complete sugar sharing autonomously\n%s Compare evidence and record an environmental inference",""
"CAMPAIGN_EVIDENCE_HEADING","已记录证据：","Recorded evidence:",""
"CAMPAIGN_EVIDENCE_NONE","尚无；继续观察画面中的变化。","None yet; keep watching for visible changes.",""
"CAMPAIGN_EVIDENCE_FIRST_WORKER","晚期蛹羽化后成为可持续追踪的工蚁。","A late pupa emerged as the same trackable worker.",""
"CAMPAIGN_EVIDENCE_HUMIDITY","补水后，工蚁重新评估并改变了幼体位置。","After watering, workers reassessed and changed brood placement.",""
"CAMPAIGN_EVIDENCE_SUGAR","工蚁自主发现、采集、返巢并分享了糖水。","Workers independently found, collected, returned, and shared sugar water.",""
"CAMPAIGN_EVIDENCE_UNKNOWN","一条未识别的观察证据。","An unrecognized observation record.",""
"CAMPAIGN_HINT_OBSERVE","先观察；手册不会在事件发生前给出答案。","Observe first; the journal does not reveal answers before events occur.",""
"CAMPAIGN_HINT_COMPARE","比较已记录的变化，再选择最能解释这些变化的推论。","Compare the recorded changes, then choose the inference that best explains them.",""
"CAMPAIGN_HINT_DIRECTION","排除需要玩家直接控制单只工蚁的解释。","Rule out explanations that require direct control of an individual worker.",""
"CAMPAIGN_HINT_OPERATION","注意同一个体的阶段变化，以及环境改变前后的行为差异。","Look at the same individual's stage change and behavior before and after environmental changes.",""
"CAMPAIGN_HINT_EXPLICIT","选择能够同时解释已记录证据、又不假设玩家直接命令工蚁的推论。","Choose the inference that explains the recorded evidence without assuming direct worker commands.",""
"CAMPAIGN_HINT_COMPLETE","证据和推论已归档；新的设施工具包已经记录。","Evidence and inferences are filed; a new facility kit is recorded.",""
"CAMPAIGN_INFERENCE_HEADING","选择一项推论","Choose an Inference",""
"CAMPAIGN_INFERENCE_SUBMITTED","推论已提交，将在下一个固定观察步验证。","Inference submitted; it will be evaluated on the next fixed observation step.",""
"CAMPAIGN_INFERENCE_FIRST_WORKER","幼体阶段会发展为工蚁；稳定个体可跨阶段追踪。","Brood stages develop into workers, and stable individuals can be tracked across stages.",""
"CAMPAIGN_INFERENCE_FIRST_WORKER_RANDOM","画面中的工蚁与先前的蛹没有关系。","The worker on screen is unrelated to the earlier pupa.",""
"CAMPAIGN_INFERENCE_FIRST_WORKER_DIRECTED","工蚁出现是因为玩家直接命令了这个个体。","The worker appeared because the player directly commanded that individual.",""
"CAMPAIGN_INFERENCE_ENVIRONMENT","工蚁会根据环境和群落需要，自主改变护理与觅食行为。","Workers autonomously change care and foraging behavior in response to conditions and colony needs.",""
"CAMPAIGN_INFERENCE_ENVIRONMENT_IGNORED","环境改变不会影响工蚁的护理或觅食。","Environmental changes do not affect worker care or foraging.",""
"CAMPAIGN_INFERENCE_ENVIRONMENT_DIRECTED","每一步搬运和觅食都由玩家直接指定工蚁完成。","Every relocation and foraging step is directly assigned by the player.",""
"CAMPAIGN_INFERENCE_UNKNOWN","一项未识别的推论。","An unrecognized inference.",""
"CAMPAIGN_LIST_SEPARATOR","、",", ",""
"CAMPAIGN_UNLOCKED_KIT","已解锁工具包（后续章节可使用）：%s","Unlocked kit (usable in later chapters): %s",""
"FACILITY_TEST_TUBE_NEST","试管巢组件","Test-tube nest",""
"FACILITY_LIGHT_COVER","遮光套","Light cover",""
"FACILITY_MICRO_FEEDING_PORT","微型喂食口","Micro feeding port",""
"FACILITY_SMALL_FORAGING_BOX","小型觅食盒","Small foraging box",""
"FACILITY_UNKNOWN","未知设施","Unknown facility",""
"CAMPAIGN_SUMMARY_REVIEW_INSTRUCTION","三项行为证据已经出现。打开观察手册，比较证据并完成最后一项推论。","All three behavior records are available. Open the journal, compare them, and complete the final inference.",""
"CAMPAIGN_SUMMARY_REVIEW_FEEDBACK","错误推论只会逐步提供提示，不会惩罚档案。","Incorrect inferences only reveal gradual hints; they do not penalize the profile.",""
"SHELL_CAMPAIGN_COMPLETE","序章观察完成","Prologue Observation Complete",""
"ACT1_TITLE","玻璃蚁国 · 试管建群","Colony Under Glass · Test-tube Founding","R6"
"ACT1_CHAPTER_FOUNDING","第 1 章 · 孤后建群","Chapter 1 · The Founding Queen","R6"
"ACT1_CHAPTER_FIRST_WORKERS","第 2 章 · 第一代工蚁","Chapter 2 · The First Workers","R6"
"ACT1_STATUS_PAUSED","观察已暂停","Observation paused","R6"
"ACT1_STATUS_RUNNING","观察中 · %d×","Observing · %d×","R6"
"ACT1_OBJECTIVE_HEADING","本章目标","Chapter goals","R6"
"ACT1_EVIDENCE_HEADING","已记录线索","Recorded evidence","R6"
"ACT1_TOOL_COVER","安装遮光套","Install light cover","R6"
"ACT1_TOOL_COVER_PENDING","遮光套将在下一观察步安装","Light cover will install on the next observation step","R6"
"ACT1_TOOL_COVER_APPLIED","遮光套已安装","Light cover installed","R6"
"ACT1_TOOL_MAGNIFIER","放大镜观察","Inspect with magnifier","R6"
"ACT1_TOOL_SUGAR","在喂食口滴糖水","Place sugar water at the feeding port","R6"
"ACT1_FEEDBACK_COVER_PENDING","遮光套命令已提交；观察下一步蚁后的回应。","Light-cover action submitted; watch the queen respond on the next step.","R6"
"ACT1_FEEDBACK_SUGAR_PENDING","糖水将在下一观察步放入喂食口。","Sugar water will be placed at the feeding port on the next step.","R6"
"ACT1_PREPARATION_HEADING","第一幕 · 试管中的新群落","Act I · A New Colony in Glass","R6"
"ACT1_PREPARATION_BODY","你不会直接命令蚂蚁。布置设施，观察群落怎样回应，再把证据写入手册。\n\n第一章从一只蚁后、两枚卵和一枚接近羽化的蛹开始。","You do not command individual ants. Place facilities, watch how the colony responds, then record the evidence in your journal.\n\nChapter 1 begins with a queen, two eggs, and a pupa close to emergence.","R6"
"ACT1_COMPLETION_HEADING","第一幕完成","Act I Complete","R6"
"ACT1_COMPLETION_BODY","群落拥有第一只工蚁，并完成了第一次可见的护理与营养交换。小型觅食盒已记录为下一幕可用设施。","The colony has its first worker and has completed a visible care and nutrient-exchange loop. A small foraging box is now recorded for the next act.","R6"
"ACT1_CONTINUE_FREEPLAY","继续自由观察","Continue free observation","R6"
"ACT1_OBJECTIVES_FOUNDING","%s 安装遮光套后观察蚁后护理\n%s 稳定记录首枚蛹\n%s 在手册中确认推论","%s Observe queen care after installing the light cover\n%s Record the first stable pupa\n%s Confirm the inference in the journal","R6"
"ACT1_OBJECTIVES_WORKERS","%s 见证第一只工蚁羽化\n%s 观察一次工蚁育幼护理\n%s 完成一次糖水采集与分享\n%s 在手册中确认推论","%s Witness the first worker emerge\n%s Observe one worker brood-care action\n%s Complete one sugar collection and sharing loop\n%s Confirm the inference in the journal","R6"
"ACT1_EVIDENCE_QUEEN_CARE","遮光后，蚁后反复接近、聚拢并护理幼体。","After the cover was fitted, the queen repeatedly approached, gathered, and cared for brood.","R6"
"ACT1_EVIDENCE_FIRST_PUPA","同一枚稳定个体可以辨认为蛹，并继续走向羽化。","The same stable individual can be recognized as a pupa progressing toward emergence.","R6"
"ACT1_EVIDENCE_FIRST_WORKER","首枚蛹羽化为可持续追踪的第一只工蚁。","The first pupa emerged as the same trackable worker.","R6"
"ACT1_EVIDENCE_WORKER_CARE","首工主动接近幼虫并完成了一次护理喂食。","The first worker approached a larva and completed a care feeding.","R6"
"ACT1_EVIDENCE_NUTRIENT","首工自主发现糖水、采集、返巢并完成分享。","The first worker independently found sugar water, collected it, returned, and shared it.","R6"
"ACT1_GUIDANCE_COVER","先为试管安装遮光套，观察蚁后如何回应。","Install the light cover first and watch how the queen responds.","R6"
"ACT1_GUIDANCE_WATCH_QUEEN","画面仍在变化：比较蚁后休息、聚拢和护理时的位置。","The scene is still changing: compare the queen's position while resting, gathering, and caring.","R6"
"ACT1_GUIDANCE_INFERENCE","证据已经足够。打开观察手册，选择最能解释画面的推论。","There is enough evidence. Open the journal and choose the inference that best explains the scene.","R6"
"ACT1_GUIDANCE_WAIT_WORKER","保持观察同一枚蛹；它正接近羽化。","Keep watching the same pupa; it is approaching emergence.","R6"
"ACT1_GUIDANCE_PLACE_SUGAR","微型喂食口已开放。放入一滴糖水，观察首工是否自主发现。","The micro feeding port is open. Place one drop of sugar water and see whether the worker finds it independently.","R6"
"ACT1_GUIDANCE_WATCH_WORKER","观察首工在试管、通道和喂食口之间的完整往返，以及它对幼体的护理。","Watch the worker's complete trip between the tube, passage, and feeding port, and its care of brood.","R6"
"ACT1_GUIDANCE_COMPLETE","第一幕证据已归档。你可以继续观察，或保存并返回标题。","Act I evidence is filed. Continue observing, or save and return to the title screen.","R6"
"ACT1_HINT_DIRECTION","排除需要玩家直接控制蚁后或工蚁每一步动作的解释。","Rule out explanations that require the player to direct every queen or worker movement.","R6"
"ACT1_HINT_OPERATION","比较设施安装前后，以及糖水出现前后的自主行为。","Compare autonomous behavior before and after the cover was installed and before and after sugar appeared.","R6"
"ACT1_HINT_EXPLICIT","选择能同时解释稳定个体、护理行为和营养往返，又不假设直接控制的推论。","Choose the inference that explains stable individuals, care, and nutrient trips without assuming direct control.","R6"
"ACT1_INFERENCE_QUEEN_CARE","蚁后会在合适的遮光环境中自主聚拢并护理幼体。","The queen autonomously gathers and cares for brood in a suitably covered environment.","R6"
"ACT1_INFERENCE_QUEEN_RANDOM","蚁后的靠近与幼体无关，只是随机移动。","The queen's approaches are unrelated to brood and are merely random movement.","R6"
"ACT1_INFERENCE_QUEEN_DIRECTED","蚁后护理是玩家逐步命令她完成的。","Queen care happens because the player directs each movement.","R6"
"ACT1_INFERENCE_WORKER_NUTRITION","第一代工蚁会根据群落需要自主觅食、分享营养并接手幼体护理。","First-generation workers autonomously forage, share nutrition, and take over brood care according to colony needs.","R6"
"ACT1_INFERENCE_WORKER_RANDOM","觅食、分享与育幼恰好同时发生，彼此没有关系。","Foraging, sharing, and brood care merely coincide and are unrelated.","R6"
"ACT1_INFERENCE_WORKER_DIRECTED","每次采集和喂食都必须由玩家直接指定工蚁。","Every collection and feeding action must be assigned directly by the player.","R6"
"ACT1_QUEEN_RESTING","休息","resting","R6"
"ACT1_QUEEN_GATHERING","聚拢幼体","gathering brood","R6"
"ACT1_QUEEN_CARING","护理幼体","caring for brood","R6"
"ACT1_WORKER_RESTING","在巢内停留","resting in the nest","R6"
"ACT1_WORKER_FORAGING","正在完成糖水往返","completing a sugar-water trip","R6"
"ACT1_WORKER_FEEDING","正在护理幼体","caring for brood","R6"
"ACT1_INSPECT_WORKER","工蚁 #%03d\n当前可见行为：%s\n\n点击其他工蚁可切换稳定个体。","Worker #%03d\nVisible activity: %s\n\nSelect another worker to follow the same stable individual.","R6"
"ACT1_INSPECT_COLONY","卵 %d · 幼虫 %d · 蛹 %d · 工蚁 %d\n蚁后当前：%s\n\n放大镜只增强观察，不改变模拟。","Eggs %d · larvae %d · pupae %d · workers %d\nQueen now: %s\n\nThe magnifier aids observation and does not change the simulation.","R6"
"FACILITY_MAGNIFIER","观察放大镜","Observation magnifier","R6"
"R7_LAYOUT_TOGGLE","模块布局 [L]","Module layout [L]","R7"
"R7_LAYOUT_PLACE_BOX","放置觅食盒 [P] · %d","Place foraging box [P] · %d","R7"
"R7_LAYOUT_ROTATE","旋转 [R]","Rotate [R]","R7"
"R7_LAYOUT_REMOVE","拆除 [Del]","Remove [Del]","R7"
"R7_LAYOUT_RESET_CAMERA","重置视图","Reset view","R7"
"R7_LAYOUT_VIEW_TITLE","设施布局","Facility layout","R7"
"R7_LAYOUT_NAVIGATION_HINT","拖动或 WASD 平移 · 滚轮或 +/- 缩放 · Tab 选择设施","Drag or use WASD to pan · wheel or +/- to zoom · Tab selects facilities","R7"
"R7_LAYOUT_PLACEMENT_HINT","点击或按 Enter 放置 · 方向键移动 · R 旋转 · Esc 取消","Click or press Enter to place · arrows move · R rotates · Esc cancels","R7"
"R7_LAYOUT_ACTION_PENDING","布局变更已提交，将在下一观察步生效。","Layout change submitted; it will apply on the next observation step.","R7"
"R7_FACILITY_CONNECTOR_TUBE","连接管","Connector tube","R7"
"R7_FACILITY_CONNECTOR_GATE","连接闸门","Connector gate","R7"
"R8_FACILITY_HYDRATION","补水模块","Hydration module","R8"
"R8_FACILITY_SUGAR_STATION","糖液台","Sugar station","R8"
"R8_FACILITY_PROTEIN_DISH","蛋白皿","Protein dish","R8"
"R8_FACILITY_WASTE_TRAY","废物盘","Waste tray","R8"
"R9_TOOL_CLEAN_WASTE","清理垃圾托盘","Clean waste tray","R9"
"R9_TOOL_CLEAN_WASTE_PENDING","清理已提交","Cleaning queued","R9"
"R9_CLEAN_WASTE_PENDING","清理请求已提交，将在下一观察步由蚁群状态确认。","Cleaning was requested and will be resolved from colony state on the next observation step.","R9"
"R9_WORKER_CLEANING","正在搬运废物","carrying waste","R9"
"R9_WORKER_SCOUTING","正在侦察新区域","scouting a new area","R9"
"R9_WORKER_MIGRATING","正在搬运群落成员","relocating a colony member","R9"
